CngA3ekDphA64a6M4MMYoucX7JrNWSWtztHQuxveZeX2,3
4t6MhJbkd9tfnuYzdLaDzchPQT27RUsN5E1TCEm3vdUV,3
83jQJCFRKUxit95BapkPVzCo8swvVVCuyATWKegYFsDR,3
FSuihCivAsUBwQ2KXPt9CeyqRkFnh8shwxM2F1m3x8X8,3
2kToDEYEMyuWvfcWATzStrmjrcd1kribWVQhSrE8B8f5,3
CPg5suPchJkGjMbDgVNW1H49GvD43ZF2i9iJjeKip39D,3
8jYfkn8Es1bxzszkuuL39SBGEw13v28nF3KVcEzZp1QX,3
HyxKJuBHzcPJEyiR6y8zokELHwYtSGYGKU7ZtYDoidnn,3
sBqqK1H5JktuPC2CtHS8YQwtMtS4egC2ofmHnwEGa6G,3
DckaAYXC6wuRAF7XQpfbkJTY4Sa8FrTL7394QgarSLM5,3
6YrbH8ASWaQMhaWhKn4edE9rdipGnUG7tydFzXr4JBy,3
AeEKphHUsX1zPxnhWsniYzV8ViwZGfMFTgH8zPzQ5RXf,3
9inbQdSUXHYfHY7cACQVGoRkqPCNSCapdAx5DFznJ8Qh,3
3foX5iBFqny8BBk9WnKm1tqZdFZNmf19fcuG9kLVV1sg,3
B4X9zUiTGApJbLfgbnTvgLdw6MHWhn8iRujJXe7RnNXJ,3
HD4YGTkVvDfMSUWAgW7AQe3d8zoNPq7QBxZSU7uJbVA1,3
rmEiNUj3zjzH7xGFHaWdUX8rHQbQFkVL3jZ6F9YLijH,3
3rtg6Rz2NERq19joKwHwKsxHRStRJsuMdXmKyVDZpbsv,3
8LAnvxpF7kL1iUjDRjmP87xiuyCx4yX3ZRAoDCChKe1L,3
BDoFvnQhPnBh3L6sb3KJrE4HvQHmHLMC1GWbcTSPYWKG,3
7pWRy9fgX5tr73quXTtoahLwQhGvw74MnUXjcJ3SS2Mx,3
EdsSCmMztui2UMdZZjmdLGHqnnpS3yhnxwairWs42Sq2,3
H85SS2k5BFsXG2MTD9TqfSUL2yPrvbcvF81KzhiKdMr4,3
FU7Wc644oG1agja1PZvTD1ynQUkmT7PC1hP3w6ZWU1Do,3
GNGjM2JEp58P4GtMqXgpdQPYrXrwxqPef3QrLErteQWK,3
DnDFnGaeLj3arxyZ9gDWxy57WYKquRwW3cK4FQ5PZXQX,3
BYdJtW5mZnXPJWtRUMdEcvtfsm5KSJJkkmiaKexZX9xR,3
Dn8NZMtMGk51Ds2F9YwTrTQiqntS9CPTM7ZG2A2uGsnd,3
AXb47FVhuXHhHEgfZe9EssgaLvrmohkYUKD3Yd8JYpZG,3
6JUNfn6CTkKQh6WHzFdXgA4tBuCypYYc3eAVtxQd3mqj,3
EKWQ6LX177fer2A3ZPSfEKwCB42ycdcjCZ7kf2sRPAqQ,3
7Hpv96zWKqopQVhY2mvt6WtyzkcCov3y4GjhYBw5GQqR,3
38Qza5TU7hgGvPKXeGh15ridtR1Q1J7ALJnatCHLwNag,3
HGXpkUq1yWz4L134FHrTS56c5QABAXoWqQM4aggKMBv5,3
CR1kw5C5oNhrrBqiVZGGEeedTHnKvKtp31yupU2t4S8,3
5PKDQXoG1iPmjhugFvD2TA9pUURh86ZhH9gaXpzWsKY2,3
2U5G5jwNr14kbv6U5nYVJiu8PV2TYdDmMe24WNU1tSbL,3
5q1BtoZX4dLWspqLPnA9TfMen8Fq33hqSRm6nNgSrjFa,3
FGqZD92kisXWDjhMKMYGXDSmLcKdnvSJiZVgi9tsxxaT,3
HCjGDe4z3SDx3ZYMjGaXVf2VB83ykGpxGshnijvRvWCB,3
CgLCmcYTyqpFgnPDzBVvn68JdWHJUHBpTvkGxEq2jzsV,3
BkReuqahyZXu96ZpHEsXtofVB95MKuTdeVLPgoygRfn1,3
7zMjSJJWHYv1gsLdbZK2fZrQqforGzttx8FY65HQdvzv,3
8otzrGNmyZ1gXYunGyoyynCKVY8QscqGBMGf5bBo1p5H,3
HtKhpJAJWJfbvYZiqpE8ugKtnCt7RYbZH8W3zAAc936w,3
Ee5ThEx87X2Cdz6LHfPyaZYHan1rPkWah2sQkbsp9Jq4,3
2rNyKEDovFQpBrdsfaBB3bdSkvzoucYTjwkwJnFcDHij,3
8CgCTVgZU9vC4gJhsioMMdQimsMMZjFKDj2J74UoXGTr,3
7dAchBH7yt5tV4bGfQNmEVejAiHcPaTHeYnXAHjcBBo2,3
DxV7PuZqEcUXTiSwHReovBgNhMX5kE64q3ggv3vfQiV8,3
UR14FtxeWJfVz71UCp767jfymuNs4YZZQmpYJDQLBfB,3
FBQSigWdqUKkSXkqADDj11JnDov1M24LAvwc4mWqGqKK,3
H848KVrgj9HAnxhxdVWTYLjxGwkncZWYdkAPyRDus9cd,3
4RvDYhpZqTsGqiiwWqmJz9YKY9uJjZY2Pw8UbFNT7A6N,3
8Bc2Hv4z9EqNMyXAQbWNnxbdPojFWwJ2eNvSM766Fwra,3
9yBTaGGgR7Y9yDKQAFrk67B7QxymXJiuNdGYETT4y3ah,3
H36JFxy1V7CdPm9f7hH8VSFGGX4tK9RXn1ZSCY1iNgXX,3
BWkh7inPwzYMcsh5pnpdokhUXr6PshRZiN8F941TYBo8,3
3zGzFjATo1GoDndTJJ7q9uxv99oLAgw9XzGCaHQjDeA9,3
Hc1trkVdohsUfcKg9MPU5YPKQMuGWXbAYjYFYe52gzuP,3
8ZdErr4UoV3ERAy1hvQHrzjSFxjuGEJB3YRTfDK1N1cF,3
GDmJgsEuCZJ6rfayLPvtnDsRoZPRFpA3CKHTrHMsuHK1,3
2FVjc6GdEXP2GrweXShPnuGe2P4mmZ2K73Hvv7qiPUs2,3
AwngwJfDvWxEzCRF2y2twQTCfzTMKDCqehRk3erG47pP,3
HzX5BtnTR87X3HnTVVRNfn4kmjp2ArAkZ8H21vKYafdD,3
C2u2i5LNMGdrrd7oSYoCR89Ly8wq9aw8QyaWR9kg1VRP,3
3uTHTddezD3yBttkmeX836Uhpgar6ASbDaHD8tecN6DP,3
3RA3TRYxdhjt4aAbQRff2d6Vx2yy8pcJhTQvLbz5bUhW,3
5MZQrxEMC7bMwqTyePEU2KFjDACrzAD5Ui3Rj6K31vC,3
9kgwDRTt7yjvhy84Y8x8nehPWUi9tBeerVbTatHtTZ6D,3
E142k5Tnye7qc3DruSUfHKLbKAh6G6DDBwDZXJz1D4mz,3
98t9TME3siZQRS5PewsnEnaCLDjYpqwU3NnoCkcUALno,3
4UK9RjMJ4XJ9cM8UsfxDYS3Mfiw8S2bFTk3voQoQgZ7V,3
2VhGwCLTm5tzdLkkfYfLdTfmDKRjuu2M4vfdqJbay9WD,3
Dnqt98HmyYWTSiUp6BsqvBnNsMn8mp1boZv1qZxrFi3d,3
CdNwJnkb6PwAsomWo8Tjh8KXuocZqUm8qWk3CixJPjb8,3
BeNvSkN6NijA8frSytGGF3kFuZPeUmqfAhZNZ7HRHXZF,3
5SkEJBndS24t8XRXjijSYBeDUbHJobWwXuQ5y5H7fDSR,3
DDkpZx2P1XZzkkQ9CqeAoXG1MHu9JJW66jErDjzrvQhz,3
BzwYbowfJBC1VLYNTN64s1iytCk6ZFups1SNHVDjcS6L,3
9z6JEASNRFjqx38CtTTBweaVBfFJaeedzVJbkCbbvuKa,3
23DBTMyTqvN4TqH6c4BntSHeZzJAwDwDNqMKwQ9G4vC9,3
79rWDtnki37ZdoiyyL6tHk6FYwmYJLaypVcVDUoBFXzN,3
22sjTdnYc4x4dmtgM43ctg2a9WT6WMM6EmF97VYJBnBp,3
Ar9akkk9a8ohgyf7A1tLuWeNDFLb6JJnrimWuTfYRrLh,3
3Xp3kfWmxDSzQjSCLVCWxqTLa9GuEZTnmko6WUKN7CV9,3
DUoDJZpgbEzmkrjAEWHt9SM82XLGXM3pdV6qj3sg8G3g,3
FmikVdHphdn5iGtsp8r1TQDEsdUqJAgoZ7udXVnvPhES,3
DGu4jau8KFvf36XWawHA3akiTGthP6SSW6MsuWgM51V4,3
HK6cHzUVPCESi6SPv1qpVjNWdQNaVikzk1Dvqb21G3GJ,3
EezPmR5oFkBtczB67z5Ub5M4ubUdgAFDbeXHe5Jjaop4,3
Fwv1BbYVH8UCa7Py2BSwwUuZ5jmAft4yi8mXgyDjpzNb,3
9TuE8t2Em6wLScGtwsSwctKjXQkBiJbxH9oaJFrUQxp3,3
8ncfhPWJKFjMZ1J54yTxgKYcfiJ786bCNyBW4vKSWK3p,3
FADxEGgtR3MpzbGPMLH79qKjsW3zvrT8x7vq1MBLKzCB,3
7yQYGhwkLXBrPN5bmp67N2MB9A2m9CQE88RpdYwMRzBJ,3
EqwTL91utg4wNqF21seYhLCofPgi7V3d1df6otDo1K7P,3
6mDHdEnk5cwknvxJfDug67mUg6xyEKCkBw21kcmUB7BK,3
8pwXD4ts7apbghNqYDkF8ox2aUsCM2sJ57uGc7qyipfD,3
EkRzfSEvxYfhF1aPaxnip8hxDrRQFFTYEYFCxQkJi6vk,3
Eok32wBkBjyACAdrst1EfMbZkCVs6mg9kvi4SZXmTHek,3
B4JgMsHyGeNdM7EH77i8cUmQKLKhiqfioQVY42aKHGLr,3
4aF22dkkRReTTKwHguXoLUBudjW8Aa7zrBUY98WcQf6C,3
C58UZrvrnc5MvLpJba3ysxjBzZWWCKMSAdkGF8n18FE9,3
5Ayr4yWY54U3M9ffWaWTwTXryfw1Nqn9jbgKovMj3P9z,3
5CgA9UCf5AMA7sxXUqHFGNardYyay1SbugBBpLPAXQUg,3
6ydtrkBFJR7unBR6uWN3ih5tT2XTZhAeMWiDBX8PcuPd,3
GfQAPjszwBS8msPQmtSFEyvi5YTFefaAFXzZKBecmyZF,3
BVYL1sntHv1nEmr8ZfJGTtoACrxTEM7vKBDksV9KdGuW,3
FiS2vTStz5fWgiFi4WmTau1NuTpZDVdSPjD3PTP7w42D,3
EDRAvV7HVySh5Bi5MYQRDJYWbZTAYDBMeaDGkKEp2HsV,3
BWhYuqMv7SK74nVX1gWzDeuGwK1W49CC4nMJDMMhvbTg,3
23x2cfNQP8fHs7REWmLfjbb1qMZXdcEk2twHATHED58X,3
86optkZk5H33J2yeURmSdTuz7jtohWqeC2XBArrdZNYP,3
FPxcQj8b479nZohut2x5RnRUAa7hULWVjVkFADGUqmBa,3
8NRNRBgBdGVw9XjfxUvH6e3Cki7itkFiAj6HzegssckA,3
75c31bw7SJsUHH1X7mYmGCpCfAoCAPvpCk3A245XAJso,3
8doHsHfnxkfG4rMkeDCnKiiy8ayhGCM6PnydGbwQvx29,3
HqTcPe9zaknX6DNHJmWkXfGVF5n3WbmGyaoyMeWNMy37,3
DiauKsNz6rXKW1oNysupLMtjTv2s2cKtwzx6D1Dg5WLH,3
2cyBZUXmQAdRU9MyBLmgtNJDrzgaJC8s4JjsoCZsb2Ge,3
Crejw5zWbncEgR2tdpCo1fD9ewzBjCXbUc8AsdyryLtN,3
3YRz4AeiwruqmnEJQqQKM7PLo984gtHXURCUcMJ1eob9,3
3FbPSiYJncJEmoiqNwiB5rwam5V1NYYS1efQFijTyTAm,3
EQMhptc6z5qU36jpYG91K64tq6kYKBTE2gcEZcW9xFpR,3
CR2MNEHJyGTHugQfKe3EvE9MsVKa36tUperhH24eAFqN,3
FTJgDnSLys1nqphv1KCR9U8MxYwh6XaASpx8wUpUYcz5,3
EwaMorHcF9ZLcmPK1axx7xZwXXvEmHYMSvF5jPuZc2Ax,3
63xmzGgRTJztR3G5wrJwWscHqRnDEJAzFXsYQcum3vsx,3
DxNfWRVWBu58YT2msxSMMuGZns2Fxsy5cei8MeWJ4svj,3
DQmDWQjX3TeKmFr5kqqxZtCDxVSf9BfjCWzHB7S51zV,3
HSvZ88deLUgoR3uGaWcLqbdz1Hvr4TbvAQRL4CnHmDEE,3
HvinmBqp7DJ2LHzd6Aq9ccZQgUsvSJWKyzaTH5yGGsYo,3
83aM6h1jBJxQejmYWZwX5jyBrJyKvkdbMAzzm5nFEF4Q,3
6G8RKHJL2qNZusHbLp9FoYZuEMx4rU1RuWzmybyZqzz9,3
CHFogBYZa8dK27fGj6JLMwMXydSRPMaUXoCy5DybNHhk,3
FJzNCp1NJRKot9dFp2Dr5S8EXvTh8b6NWCQd9DYTzZj3,3
3d1qLCeLd8ZEiLWxb2ih6x4kCY4aUVCqTRkgEsNmWNby,3
BpjjhLYpcjV4Z35foyhcbmNKLjn7SvHXecp7GQC6242P,3
5QTaptUgRpbmQeXGqaSLCkyrbdWMHrrbZPRQCfn5Eja4,3
EUjK6Hb6VV4vfo8UmSddGDweTHPEacqg4PYk4NkpjPKA,3
DbcUxqpXXAxWz1fALUjmecHpBtCVnqoHiSBwmxQAyvdo,3
51dkfyUaVDCitrg1B8Yk5BgkwQ43rTwoM8pXwp3a3Rw7,3
5EmhzFRLNni1WiJhFzxMc2Uoz8RrWTvno1WZ5t9L8bAW,3
HgwWjw1aLX5aRTrxAYswEsojXfpfXT4mRME64S1MYrft,3
vFmgRFNDbTS57p33c9KZLXsAjEHRxQ9oc5EimU9kVB6,3
CLw6baQXbvesCo3apHKXfZCNuDG3gRFaDgyEecgWseGv,3
8y343jZKrRj7XXngps2GYscSxPWSyJjBJUDXP5wXnSL9,3
7Y2XJL81zqDXcrW6XCGoFxtDLJtgNzgnNXZ8eeEuofqh,3
8ikzdpgEKTQbNYSYnvCknnL3FCBJzophjo4DTEGwcrrc,3
DoHGAPNHHeTCBjy8S9T9kbifH2fJT4rkCPGa8dGEEZ6L,3
B1cxYtfG6cvYUWEZKGUcsau2onxCEzJ3J9uQUsVBRft6,3
4ZYxdPkC3XPnrJsY4voDyq1wuWPWL5iZP6EWpoBDSBvU,3
EPAqCWbaDW2G8ix7Cchv2Lqb5SqF5uWWQmBzeBEWatBk,3
8ubbLTwRJbyLbUM3Xh3mcXrr4sLSEkJmVqmNTUtk5y8E,3
Gp4q1uWSemetk9iYSQTAZaXCy32g5kTE3NshUWMoRMpf,3
69mLvSbaQpRtMgQgUUiFBXYdJVedKwKmZD8yBzrV9pQx,3
58PVQD6oqrpX9hvBgCp33oSzXQnUuw5Eakg42RNwkEfL,3
Cpt4EJuXmuEbyNvfhmAn4nnzvMuUZSSDpUZj94NWb7fH,3
G38NeGwjWQAoR8fN9hZfqVPdjfDrv1Ykmapi9BDhWhjm,3
6s869Hjd11aMTurBWYPz8ynKANdEdwkni1W1GxiRvhir,3
EHQdptwr6AK9cBTppP2Y7GsMXUjumLmzCRb3GadRCNUY,3
HKfmM5rg9NYNGFpHJU3snMZ1NG5s8o1Ep3pCesDkZXYb,3
CMiRv4QePcHGP3GgPuwPP9v6HsxAnwBQZobUo474wxm,3
ET15qbJzjRLhSuotMeqvfDFtQ8nMwKjz3UmiTRFp4yqx,3
Ds5JtitP9Rs5Eeq46F1duPqWwMDP28Ftm1i5kR8oqjAt,3
As63vJGYr8q3rZ2CrazfwMMNKHvfaosvaCmyRpAUz6KQ,3
FdpQGbujML88YRbrMFZ1kyUeu63666RApMjxvFoKt5Ax,3
2GVGQQvFy3X45AnqQUsukMTkq5yFmeX7YTaRAQXSW5V4,3
35qcZt5rGCnAhvxQR29Dvr1Sks6PyfmgYRcHdp7eaXWk,3
9hJEEXYxdGSLD53GnuH4w1Z7XMQAxVin2tnZJQW4JT5N,3
FkXiaMuBiJtR3jorA7G9gSAv1SCU8icjTBrdRBr5hCtJ,3
At63LjBtqWxDCJuwR9Y6bHVmFCuzyUSjfiThqFBKDoTb,3
6b6y9Mhn9HRVnrRwiLLNCizMVcUzSvXfo3pcyeRime7E,3
8Gh2Mu8HXE14xVgCbBuTNqtMY4bW3JixJioRkvyyD2MN,3
2eNqR47PcB4md7jLsk57f6DrE7RK7aYHeASSyJbQ9QUS,3
14fbEPtDxk5gA8Z27a3MiY6pynAmo2w3QrSS3z7Xoqyh,3
ANzMZCHuiSgTfoBqUPuDQxHc2H15cDu6EizNdcMuWHF4,3
58rxZBM3chG4UA54ZKwfJLMca9QKK6x19fnegNgVTiVw,3
E59mbNryXJZj2mBP7PBG9tsiaZVwFZMuGPoB3AoDftXj,3
BZdMPrTLSW8m1eQxwE1Z76S6q5Sqb7f75MpH18cEkDaK,3
DeACivKgy19MTgcizEauZEVuxssoRVEAt7qSKxT1M37B,3
2UiwC9ybV5JmDCP5sXn7wE2yUtgVgpcmTV7mmSk5GXRH,3
9mFbNmG15g6yEcERJnJP8FSS7o38GVtL9tbtz36hLbpt,3
DTi3wR3fXykjXL9pswNsWFA5rBisAUqtanZNViP2NQLQ,3
9Vut9mmBGQTjUzh137DCGdGVsvAHhRekLkntMDPWPAKP,3
FwbrZAVFf4Wvfs8B31fqKXGhxsoLmf1Pc3ek2EbKyEWi,3
FFf1fxLpS164BpFU4aac9oshj3QwQKQhBnUhVyMptxKt,3
FZNEU9u53NabZ2KPbLGY4bDmuQ6rMTg1oEKZNeSLrovX,3
FN9m1PgsMABMKA6ZvvenxJZB4SGAdkoEcFvp5WjiKTz4,3
7QTtR22H3a2DFEsJ599GUJ2dFJpRWL7ZvyeeKz3HbipK,3
7cWoT91NLKQ59mdDAGCgGUsr4XTJKXmaye5hKELz51ww,3
FcCZrD23z6N5yt7CKzbExtjt711q9ZR7p11GLHTAZ9XZ,3
CZkXcrjwbQnFtNjf2fmg4PhmeuY7kfPRTLoxRm63UMaC,3
DWsLsNTJH6yZSodyK54gkMdKWKZqdKvxu9MSBLPBFsig,3
9r3Yes2mY3V6mj1UwAbKxF4G1GXUiMWaHqtMMmMUXESG,3
AZfXPhjkUdf8HvwN23JTZUEcRr6QeMKuz5gdGXzsKYMh,3
5fjWWoAJEqXyr4RdkzeMTm9LjY9bHfyHzpthdCa7yff7,3
6DcwAgLhixrUA4U7W78pBzT5mkrSQXKm7sFRVMhgFrcK,3
GqZPJNYm6HmyteXxmh9LLX6kFXBLMQd51AEu8nEbgEwL,3
Dqchqq8Kd1sRoiEZnZrmn9vsgBvisussJWPcddztrrFV,3
91byALFMtCLkdM5A6FCYtwqmUremQ191rd5GGsQGdTqQ,3
A9frDJJrYFCNPusPxESTFvVfoQ9aPk7Zowmh3GCX37Ct,3
Z2eht5MDFyUjTeX7PoeuPWdoDPpegFqoeZQEczR8Vxa,3
GfVUXo2skMabpUMYvk7mnmT8KqfVQ6XSUNogyZQyDN1J,3
9aBL5r66ZaKXGWoiCwq7bjizQD9gdueiDV28MuP6dx76,3
Grdi1THp2Qj4z6arUeJUaawPjSKA7s1TxepDbfA9mkAc,3
DtfvfwPEeMvEJRxtBZTBUhp8QjuPZG8ibBxAahVN2mZy,3
2Gx98D797y8ehwJKo82WnxVs2SXGjJz6niZgPiWN7eyY,3
HN7H96vcESAJ3HYM7Dz5JZMsTf4KbHBViALh6mUxD6Sw,3
49KGHwKpPQ8PgYB6eeaWEBfcpHSErYmw9GwPSH7eTwsy,3
FeYrRCiutmC2awrnecr8XBdQb8FSVXDLjw2P3HCKEa7L,3
31P5Df7TdDsBjS1cpaM6nmECXU6UeQ8swXsYYZtZgcfW,3
EZSK32YtsTAiH9BNwriZ7rPwQkURw24EVHL3GPy4YKjx,3
6HLjJzuNywFmMUAzDaRHnafjwVT3uuwK8E7ioekwiEcw,3
HXyUj7jWj2XqXEazBZriwgPL2q2wu9oWLy9bJyvkrTo7,3
61Fd7sDefQnWULEQaLqqMHZRy2fjuQqXoPQYVT4yKs2j,3
Hc3LAe1bN25ffwZyQvQBm93U2KwDozr6pBQdGapofBbZ,3
H3i2aMKB9d7voZyXy9zbPaT4JtVFWn3HExQoRSYTEtD1,3
a5u69hQ5n3UNpgKFkDMJp7GiL9FEdcpCo4pThFteELu,3
BhmJjk91kqjJMNspRnXpSshk1UXBFnCUwqq4dFtAA9TW,3
AMW4F4mV52Tcc3pUKmhg7T66LQuQdmWTqxswZWTgvb76,3
85EMEBoeAFJk9asFidTC5WYVwmzWStmt77NEt5ZS1DKh,3
BA5A6Cx5kmxHqVje8e5kGyzprXecf3WFCaNEMEqQJosx,3
9MfKGgbxaMezauMxrFD391yh9uykcxpEboJM28AMuRF6,3
CzWLDEQhgR6cR8sS3wXwTTa9AczhzA4VaUCPutVBca5d,3
12pBjzadokMrDms67Ds9iFd3WHDzVMxNytHjE2rbCnjb,3
FLT6cfcucNvdtBzWgy1e7EiY97N9ddtorMUgXu8Q3zC4,3
G9uFDBPkogqbujyH3Ka2B45vQF8v6baNULYUPYPmLY3G,3
8RXhMTcJ5Qrpe6Yj9aFwXJrSK8CVRbJqiHCCb419wC6R,3
J3baMsJVscfGc6JqYC8MTS7XicZyomR4vTHDP4jvsgAG,3
BREDWsuj3yLhZJ1upn5yi4zCcwwCD84EGe6vDqjUWM8b,3
4E7JGhB3a4MRnJrGZdJXZ1hBJXpPZA8mGSQ1o6PREeYy,3
A4qEHoTELLYhh9G5eR4uXafcATsYu1vQmGsHTmoHhhj3,3
GSx425syGAyUyxTmGaG2rQKQ5V8JDrqSzCTBPZC5MGWX,3
4QPzWSJuyRhsJ74e9wyBbLUML3E7ExkZoXvEgYVX5iKr,3
GD6DdBq35BH3eYR1HiiNWpsxbEAEUCMRe3mnHJzf9PnC,3
DxXEu1eEpiFpCw6rgPgKeh5UaNbNTEmWCFwb21pjofGA,3
HyT5goDNr8tSYeNYv2PzUpEz51MTTSwiEC6uFo4ygWj7,3
FNNGLyFSAy6xRuHwmSo8dhPtCUMiztqpZq1L1bmcDemb,3
5SJn8tTuafJbV7UUmUSa5f1yMx6oX8ni9du6oFyAJa4c,3
9BAD8JvMxnKfSd74Fr8SSqrn3HWuHfBazM94AsuSDBZR,3
GHqzeEowPVJAAxVY9P1nDW7uMtEtNvDCz5xi6FEY3yhM,3
GcKKyPDrQiebNScPEhx9P6Q8cj6JKFou3x9gANsy9Box,3
BD3o5CFv7UkrWiK4mjaLmxDomppcAsrAJ4tLVmnMFFDy,3
E6wtvPrBkLfMB4TFvvxjj94fQK1YDVnYZYP1uRE2Bpdy,3
GTnCZQZ5PkBhqauK8e33XFu93xWebFfTigLbg5ypyki6,3
8fm8tarVteHoZ7QWp3sy4DR7qSQvEjSvdfTPg721eGUk,3
7cZDHzwaFHw1juspv6GYjpEPFuJXaVg81QdQmoSewjnT,3
FWBpNmo24CHnP4qtPqrATWaEiH7aWwCCuNCiTJSLoStA,3
2n5RUcsFv1wbVckgpQdZcLZvsB42uRgbgBeBzQ3WBuwt,3
DFZYjJ4wNAEjK4HA5hNkmxA8M8VWAxvxGjN8DbAvLz1J,3
E6qQXJfLzLxw5gTY7GimgbuGiFZRK6ZcSBGxkukruMdF,3
D3LoZD9BgCAao7JZGB7h9VT3wHB8Vs1ajrRtx9W6Evka,3
7P6iYAa7kBMyWCfd8hvAktdEn2Js7ZFmMxckeZrxTmMK,3
DnX1TvGxHapPVrrmL52tjb7hnqtBM8vUY2a1T9eTvCvx,3
A81wtP6gM6G1yCUv6ypb1U4Tu3YfA6qsrRXEsJrk9Yym,3
CdxjAoptrnNsGvz41RjT18qR2iwnWhLKGQ8aJv6MWm3G,3
czidoueZEqHvjaQUU9ksbXMmveFFw4Azj44ghprJ4db,3
39GAY9RLfEYMN5MNWKMJdMyR6EuR6tpBUbkvQDPHXXeP,3
3buXPeRYpb4g1Xbci4MCtpS1EsEvtMsc78AXG933Pm3P,3
4DTNNm5GSd1btFapiyfdGECReXfe9PmrBGn5aFpjvUAt,3
6CcABLcN6NYmspXtht3mjvuss2MMscKp1juzo26Kp6wN,3
FDCWtBdmXB9dgYQerfZ1yoWzx418BXWrJghgMLgo5TuN,3
Az3dBBFPC1kLkg8eqbNWUZBZ6TfBu3xbtVFz1wmGgS3z,3
G2pe8WC1GE22zFdVTMJWVjznfdM5MwcUqbQS7sLELPzc,3
4AnF1qsoutQDwhJGJnKjb1EBEWwUKM58JSBxy8PnzprK,3
UWuT7gfk2vD3t8W9UsV2QxVqKRTmiziK41z44dLGkzx,3
2mAGdBhcwxLWNjEztLZrbEnnFkx95jzhed1uPgjsMqZZ,3
StPnFsbGKURZRobNUB2NEhu8nFvFph3uzc7DyYPzGmg,3
EWcwYZjFQMfG9BnuTtnS5idGKXcmQm53BWbFpNJytaab,3
ErEMnnVt6EGv7L3cXwfeyb4hWj55CEkG251EdjH3RVGU,3
BF1JgJ1L8qbpNGZTv7oxsW4hzcVz3m7zTvTctux8EKen,3
3gMWtjpKWoZF6EM9hDCQhnJJswdufR9w998hTXQhoYVX,3
GDmXpMZgkBnVhLM4N1rpZEea2Hf4aAoAFrVpTciWGCT1,3
ATu2X5dJYcjpEB2W5LsB1kWSWpKm6BkavtPuo5Gg4g2t,3
74DDCHe7ZcdetVWj1JhnaSyVwMGgLpzyzxCspNmYsDcs,3
8MzRtYLsQRWKxj2huwLMBdq62T5dcC4s359sd9fd1pNt,3
8wDywPmZ5PWuKz5fUJvyWzvWvsD1StKS4EYUJyVzPcZp,3
A36Mrbf7CcYWAi6FGp76pFaY3k276W4DviZNYvArmzNe,3
CszPbhvhDhNCmuMwYiPiNwcNHAXEVWdttER84zveavfz,3
FbJmgz21D6geovXCz3ymtyQ5VqrsxnT58BarAEmurYyR,3
2na1k2K3LnWTSNjSqrtoBmWMdyHLfA6XqVNuZ2PHAXeG,3
4kYusAPocbRBBXdhhDfeoHnkzw45qzCbEUvW78Zgp743,3
AQD2bJ4MJGo8ndcvDxAcVzJf3W5fkkAJ3JB4eT9cqLVQ,3
4y5kJRhT4VYLXHB59S3HYGRTnTnFYbjpmcYsrrdXz5Vu,3
Ee2akQkJHy2zsDQDwzup6mF2oaiDyFdNqUsoqRqSy8k4,3
4v5PQ4RFbfCMxU4fk6URDskrzvp5BST3aD3AxAVZDR1B,3
BvYmJqa6KHD7aGFcN3oWmgVRV1HzRWydnSTsfMLPQtj8,3
VdwTmYdR8i8NP2tkajUTdde6jdRcUs2hXScXeZwHY9o,3
6ae8co8dEavEaeGzzp5aMX76ARbtcXNCXavxvWxhAs6g,3
5c8wT3Vvr73GoNDxw8RRBAPB8vKL4QUMDwCdBxQ1irrW,3
FLNtQWZNG2G9qq213k57mXTbfg5XsMu6Pqp4Wm1ddBRD,3
BBNAR4yxxfiv82bpeAVE2uBz8DTJtrFMh9jbPC7ZzBve,3
7ZufQoikDXW8oTpjoy4Ff4kfw4srCTqcvWYYqeNYKgWc,3
3zzkKkHKjpfre6ui3kxTa3LgCDjMPqgKSSPt9WTiEbwx,3
Dv3XHHBLVEBxoXxB4VBvzcvGFXog1cL1TWt7cgUH2hZb,3
HzdfFzkCxnxxDxrtfDrrnfVuBgyEupnscgivgKcbaccg,3
4b2prowoDqAp2e3MSFJ9DiFyFsseLgdhGWgjiS726Vm3,3
jjoboLtW1jajYThL3F2b68eyHvFvhDh9QEa1kzmVeyz,3
J8qksjZ6eDLFJdijXNakgP1tw6umdR5ywhKdoeW3M5c8,3
6wf2HXyLm79LjWQ2eGUkUhcPDkoLiSnsdCqtFNGFP55P,3
3sEKRrNzNEzbr5mgBqv28JLG78ozaQrifB3EKNyzHkjX,3
H2GnBZ6mEXy5598KMU13sARSdfDjDwDJXBvBqnN78x95,3
AHCtNGi8tnPXuedjdKTpe3C54ReCaFU7RddeefSv346r,3
9LuLhn7axj88CTJNh1DcTgbqzcsc9L73ZP1RnWciGQBM,3
68BkFA8GUv68ePLXVMy3t9aoa5fZFL2Ztvf4mgaHYcMF,3
9EES4Gngt7PoDEJZRMee3xr3LJ91ricdE8ek5F3MkZzv,3
Akr2v46pnrigoVLDmFG2CC663NwDYUN9HzeizMLYCYD4,3
8z2zc4Su2zLNGX4Z2NBPXvzPuonEfngCCqvPTA6t9eTN,3
4VNZp2B2JkMjyt9iXURMaJZHe2D6PPYArRNvXctzX7CW,3
4NtrfVz58hSrJWJghvwV8fNbZ4HQv6NzsDcAz2QyfSuD,3
HRaNk7ebFudjMAVgBWJtrhfd4DjfdcsHpDtedviUrPxj,3
3CyrD8HVDtpaGJFPUDZNMR1wuwn5ye1iRu34x4ZNhWyr,3
52RSytFzvJ2cSq5w8N8emCn5GGxFbmxNwNeHqp5uhv1h,3
AQqEQcN1k8YCpzNvSKy821hVtfMTS94uiDba5WjFWvCt,3
6i2wZabvjTyEr1ZMHZ4XQFexn6ZdBQ2tdaMMwodqTZud,3
HMDQyiUygiQrRB1mKhnH32KVsCCiAvX4FHwn1FS3eTG3,3
6xPeuXcyYGhvQZ9DRtZDaVeWMwAKTzsqkicK7paPx329,3
9gsx2wS4CS5H6h46CvwWCV3hTKqytPdT9HyFkTU2MwzZ,3
nNcnz2d36G64oGxvhcx9tXwvBo6voBbTGHGiXWrhiG7,3
3XLKac22pQv2JHmWGQiWBMjUrtHpifzh98k3UNppqwAd,3
DoDofgF32FWEiQtPcnH3We9tQkryQDmuNWm2sKrRhag5,3
38hoXcaEJRZ2guDJWLr3ZJyG3nCJLLEHVyCPMEkKqQNm,3
B7DCrqwDDG9jxLgzMHWvhKAaVC2NFup1NV4p5S2Xo2Yv,3
7JGkEK8v7rYG37YnnYwyQVaTMCjBfrGNoK3efC6eqMLE,3
2LL97HrQ7UMFBRGXXjD8nzXJgZC8Gwg44ATxas9pBdpX,3
pHwFhkNLiWhrtEDkjsdhZMzbW89X5MhrYpbaSw1HFKF,3
94DjF3CQWoadP1ZL7iAvyGPaGKFbuSJKmxYc7fT8S7SU,3
4BjUgekmEXof3BVrF7L93jQARU1WDTjzKJv7rCtSgozg,3
87Tkt5G5qgcdZEUyV9HNQLKgRkqha9CBUDqioKLnYUj6,3
8GKwTBDE1LddyJimRVTffu8644kHiAshQPvFrnWaWY6m,3
9iBT2X9Zc6a5rk8YaPgQNDbGxNrpScJDWvZCQQ3vZS2w,3
AchNoL3s3FjxZAsMuNmkcUjaVGuooh2piaNUypTLbs1v,3
3LgqJjytEgVVjr9WikQwBHDmEY2T89MTkGy2kRC2oa1S,3
EiR4VBVmwYoy17b921XuDJvAe4WyZcumq4yxACEKxMEt,3
7eU5LsrNgRAZFPV2tT1murhVyXP4LXt3E59bagYqPY6D,3
ZomMKiFcKBze2eZCCVHiupqgcnyDRSjUUjdRL9oiwke,3
6wSKhgcUqKNg9VNppDvzcoiAJ7PHDaDTeDgpjAr4avDp,3
399FirQtodzpHx4kifYWXt3fDtgsdV7oaW2qeVwPsMMP,3
7ehAF1f8qF2HY6pzkwYfSdmiHfwrNacsyvAJ2ZF2XD78,3
J49zLW7vJoJdngW3G9vP2nieoUM1d5toSpXK4doHXPJZ,3
GzXgk3vBiG1bSrYuroUzzFt363p4VZ2v5VhsfgZucxKf,3
6jAPk5QuXr16T2bkovZUXieonJRZ4ZwRjB9LTbX6g1sC,3
D7zhmFzyvtXcg7JiBCNfPBuaoBYHvVMRhLuutDVp8gyx,3
E5CgiyEhwT5yaSPfq8yu49qzJ3X54p4ykZxStnK24YDL,3
Bukfn14EMMEEwNPW9HeqF6HK9WBrm7NZAdszjqkUYjSR,3
4V4jmpmKeCUumqaRRimMqPvZrrfDmDE1WLZ8RdnJnJwo,3
2bZ8pwN7wcoMVb7728zaM7cPi4ttf3ySEPcFbnFsd7QL,3
J32ptmg7xqKxVhdUvg8KkdvKMi2JRf8eQmzn6CnoEDEw,3
9ftxGg2LdueosWCC1GNqJuTzrb5WM9DQ8W7zbWLc54MG,3
soy9hnCZ38Gc5dbpdbA5GKuWiYLVYWqbZFR8ZXCiSuX,3
EkFD2wSeyLVuPv64Hg2ikuqoR8H6DZpXfCYLwE6RtmuK,3
GdK1nfW6bCFMwGLxQpELQCaZEZBgTE3ZsRQThhstF8gg,3
2DUu5ZkpQAkAhajCRWMUQyJ6sGdYhyL8gX9pNv8piwCT,3
Diy7nc4dB1SiS49Q6pnZV9uQjsNPb8haGR1XToQQD3uz,3
58i52xkQPaUZx9w4UhWd1mFEAxrgS4gCPMiBHxor2b4K,3
71TA7VG4xRTucmUGnsFuJDYb2RaFAQU7naJVNGrL49BB,3
6uL3cDR5V3x748hziGsnokco22Pj6AJDLDetveEVkvYV,3
AHDSXzWhMf7M1FirJrU622FzfpXkzePrWTpWxczX5EcK,3
E7R8qAPW7DB7ce6eQm7rzFQFZjYpqNxsik7rHk7jYJur,3
BMEBn8Uv1JyAhqrDq4qqkCtB2LUEkXNyhNhcRdzbrkjE,3
715uTA8Ukd7UybfdQSkrBhWE8XcJktQw8UYS9yvMaQhc,3
7PuaLP1TdHR3W6GL1ZqX49dtahV3p7vLnfrZ2jZ6gjhB,3
655sRd3SnyxHUQ9SC93n9S22MtWdMekR7qidKFtdvyF2,3
5HAdpNVYrioBW9uV4MiYYjiajrnUjX9aTTKaoodkvTFM,3
HcL8nxeMfyVEpv94ewJ8giuyggbfAGbpoMDFThLp7eQ4,3
6mmEmGdR2qKUhAcCgjWRLMuPnXG3Q6YKDpscf2bZLmi4,3
2y29a8bYSLcJFQCN6CkR3qdUxEN7JiPDjSibDaMQgY3b,3
CgkzA4bhpxiwRPYsTcvxadH3tzWnHdg87yW8GQeupdnp,3
56BYB69Q3EFKbprtmFCgESJjPwRJj8vhq8rnFXk67ZkJ,3
DcWkwcLsKLJfq6rWUwy89XDndXmtrzWaZu5kKT7bGuY4,3
AsxuV1VihsbqGcGGyuYGW99CUoN7miREqvG2G5wBTFpV,3
Chjqd4u9xzKzEtZBj1CxvxkYxTaCFDHQbsj1LQKsWhMb,3
E4HsZPqcnaRNRvKsXsLuEyA2hvK9gQ31wvwrbpRh8GwA,3
F7FkTrtUSNMEghr6XTdEHMC7EioQQiQk51oGZQ97jDub,3
5dvRgALbkVyA7U7CFQvPpMTCra2GFrBdNjWu5NbJpEGz,3
HyASXsu5SJ3rwZ7ooHNT1bjQPM4YtjXGNuU3Ukkr354f,3
Ei5xwmYu5qftkQVVno3ynjnovE8aTohc7gkpo9hijn1p,3
H6Z36eNpLW8CwhY9AteoSUgtPNSv22RWfhXKTFdLudiq,3
BZqbabnjuvMs4S8vL2Pe4BzVSauZJL2hJxWYLwHWP1E5,3
gjFQixy5KuAXewAneEyNsh8SkXCgaj6myYYkf6qqSm4,3
8J8tPLUdmpRU2TbjAzCsEvwAQG2Sgikxv3BHwgnNCzT9,3
Ed8TtwU1c5Bnix2voMRbmQwiH1BU1F5ds1B3bZc9EVxr,3
HhX4rzpxUXnAR5RqRziVbDKGfA9REWiq3EqmT5sxo6eN,3
BjGyZDwbhJGS5UCVbofQoGoGELfgpE5GRLL8zaMTnKkb,3
HuAEnDjwsGABXd4axN4bANASAp6V7DAUgYGeRgUR9cgQ,3
7GyRonyCPUM8DgyJQ85rFhmSqaYuBVtAVwDqVyf4ruy4,3
EfXk9w5bSJyVXSXKHTJaVWEbbKk5GTGrVCwxWnjxNRdt,3
6uEZX1arK3N7osQE8JDADrnSuz3eA7A3uTGU1QCREdf6,3
AwK7N9ZyNRY5dcYVQkfv4MZK7GE8she4TbA5XJWH8vf,3
Hgd29ssc6Hk9rPrxtd5Bdx1BrdCiS7D7pGCUUFugKBJN,3
2BY425xcdRFkJxBrN1XiSVvvRJcrDCNmR8NQkzMVDvYh,3
GaQp3mTgiEq2PmRXjwY7K6mvobm9kFTknUVP1XiPrF1K,3
EWBcDhVfKTbbdExzeMsQ9g7zreuJ3ByPHDdRyanFjbjm,3
DufNqFfdeFRX5bcChj9i2c86jrh2Ri5fmZ5NER5nUru1,3
2pttbcrkEJBoE3tKrt4aBTPEZGv8VjSCHifTBo8WmJ7D,3
85iyktTTSkgnKbD145zTCVXyVpcwwaminQ8dfESXkxV3,3
FjHepDJDpVr96URAnUsPbvjyfPGNPjpapmtyHR3VucG3,3
C2gzgCoAMsGyBgYgrgRgZa1dKVgVaZp1qAdngk9badm8,3
7sHLFknpEUW7UAkGAyxyekt1WaXkQAphEQ7ryFVSqXAS,3
6wDCT7FEV2LT1DvSTYQR9TqHuxpKSvuXGNTcXwcvymH1,3
7rcp3jzfJMcv7PjkiuFTtGyvnVQpFegaeQmUdUvQHtjJ,3
GfRp1jJ58uoqf1xCJJouk15MaBy7ZA8dVM1dCgJkWmjT,3
FsZTnFZuUawTaPz3sqjqX51HmxLShiaz6x2zBNA5vbNv,3
23m1N4NnqV7nXyr24N4joafztTVe4HP3w1hX5yNJros4,3
8wAuhepW6KqAKY3DD9AbCrvGUNPUmhsUtwaTgDwqTg3U,3
5q7KnvaAiyeYYGXW2LmgAecJE8pyUT11PecqPdwBf5aH,3
GMbGn5vq5ZKy3sADwhvZrsVjCEbgPLbTDW78vkHufuvS,3
HS9fCbVmGp3G5SNEL2N5iCeL9hSscYtCsPfxXCsePfx1,3
A737Pcr54EGkkLJH6oQLLkgr3FAonSg4ktnHtKssyGu4,3
AkiSA292f7TLL6R4uAE6Gzxkurfvsu43ufNBwsfs9SPX,3
FTWPkFUM9CYKLu4fu1GMjjEsU5JBQfp9SULMVM6v9zTN,3
6eZ85qixQxtBjQ8iJPR3y5UnaoF73bcBsNCLP4MsBC2w,3
872GofVcGPmTd8TGtRBMLqf9fryEbhFdJBaJsmwTyyMD,3
2xFXM1FQt8DY1YKDPHZYr4hYGe9HvKH3u6BeAFghK8L6,3
FGJBTESPW2kqbyntcHaNLdoan7akM6rYq7oDcPkPjoBw,3
DobRqgmX34NJeBQgxNkeCSp1EESLH5GFmz1ajYjooxQX,3
8S68X7wa35GXZvtvgpNQvrv8uFs9rUoU6m9ArPwHjDyY,3
2yhCNJtsD8vDFPKLF3aqKEs5YN73FPAnnhJ2ov2gDehe,3
9vbGtRxHwWw1HhToMsKRCwqEBcuSePfEAJRrD9Pvjyc3,3
3FHp48sjQ6z5Uxm3mLsF18CVYZNcQ3sjCqWPB313Kcey,3
FExSdwYmdmnSTh86WjmNkVxbjoN2pBEyzMH53ct9b2kw,3
2FQTsh7FncoevPVg6x4V7ByKUYEBqTkmGHitq6m9APUA,3
9wUt1u4j1pJAte5G8Xk7T6qCMJfzAFu1q73KQqBK73Up,3
CSEeWszBciQNVC71teByv7khWkF8FmEgvXEmF4FpFigZ,3
58saoBqri1W8Gnde4xqWHwYqgjazxk7USWQuF3XBtLLd,3
BePWAtRDyAMC4bzUAmNVqoRVHuFAgMexD4UqQ1AvkFP8,3
4iRMvsQUS47vf1UsqbJ1RGGFH5LuVRZEDxftA4Yie2GU,3
CJz3uwj1T7nafG4ESnd3aDXZ3RTT5nkXc15LusMQwssc,3
MqikbE4eWJCxLd2U7q2JAYYadgpaZmstX2WoUNnYa4r,3
DYUScA5MwWNXwxm9YmmjiXmpewqJYyj3PiU8MN7HP3XD,3
HNmh6FsPwFy2yiM7sU6dr48uA7eEXSC2BL3oktC4BZ8M,3
6zFX5FVZiyB3QMWHmgdBLRWq1JccEymqqXRiB3nSHkEj,3
4aTgmryahR5pmhj7iYMRsqjzktRc1enPdP4YQPxYTQfK,3
8SksVyGh5c5qmaGSaeffKe6WiviVTMjDUbjPQPBk9CD4,3
83QZn1YnYExCycY5KVvPZcBHBgKcn4J9y7yeraWpH8no,3
9GBfrfAk7qVLrBXXiGykGLxPAEzs5ospA7WPV4HD2GFj,3
5q7reVmGgfqvF1WWnVJPzoK8HXYdFBXThpZZHS8DPJEw,3
DgdKZ8gQjFkpxMVUAVZmAT1EwPCVhWSwFjVGvLGTyqz2,3
CfeTw4TNTBNghtJQ5qpBGuJ7Ndb6XJDfBrwDEpcaWj7x,3
84JU82xRwPUhTPbwGVvPVobUbdpzE8BBqogVa49NphgE,3
HJeLAsAZCNpH1PVDhYWShkfbR1pKCbZWTeXqJTLfGjmR,3
J8Mr2rrdWmEomKAkwtfitdFuaP9NFPnvCe9znX3PSmsz,3
9KmMaaTkxg5jBipH54H5B1jBHUxALZYCTdPhAYEbTeuc,3
Dedi6n7cp7R6nKJV92HgSKbxp1k772eSkro6jQn1ei88,3
AY9LPGF4rS93XNkN1tvCBNJxSwYyVAmFzwB2Q69T2wg4,3
FrDZDyqyXQfD3mTtqpHPoHPivNw8VnKRn7NEPbUiVSs4,3
D8sNia94TuKQzohwkgKry1QRdjXTaGyxVt1wYUHp5Kiz,3
3FKjMGSESfnVndkzu1NG96xonjejT5uyBeHHK4pxnuu9,3
DCYJoNBwjRrVHCz95SKDzcaXCNqASu25ZrdyrdpdPCbA,3
2YPw5CjhVvcChAKGa82LsXz3QkD46pCn6NqES2TAbSnN,3
F7pn2meaVuNceU45ZANpsvoYPj7jtHoLMJu3VHjCYGnU,3
85FapeJc8AmTqBZgeU4NLfbuY5Z6auLCaaCMoZrRpod4,3
EzyNjpp6Pd5upR6CBJrXYWgr2tFuNnWgmYmyyMUv1pTd,3
2U8zr1aFA5jVpgN8GQVBPyhAE81RrNji433xFbXaPoNz,3
x3cDsBvB916j9aZZFfMkmbVbTCr9sKgNDmX6GJ63KR8,3
96z6YdXuuX5UH1ZXL415oitUnPZnCeuqHpFtKpEoqpnP,3
CW5G3i6eTTWQWPVGG6YGuCaMAtu44XCd1tTn7ErAFend,3
2k7SwwrjX4WUwLJg5ttCSb5gLUub4fBVjBN2akQab3Rw,3
9UxLPKmeEFczjRpndXFbCh1YJEmQ9MzsZEW7E1wP3ei5,3
